id,email,name,username,address_id,company_id,phone,website
1,Sincere@april.biz,Leanne Graham,Bret,1,1,1-770-736-8031 x56442,hildegard.org
2,Shanna@melissa.tv,Ervin Howell,Antonette,2,2,010-692-6593 x09125,anastasia.net
3,Nathan@yesenia.net,Clementine Bauch,Samantha,3,3,1-463-123-4447,ramiro.info
4,Julianne.OConner@kory.org,Patricia Lebsack,Karianne,4,4,493-170-9623 x156,kale.biz
5,Lucio_Hettinger@annie.ca,Chelsey Dietrich,Kamren,5,5,(254)954-1289,demarco.info
6,Karley_Dach@jasper.info,Mrs. Dennis Schulist,Leopoldo_Corkery,6,6,1-477-935-8478 x6430,ola.org
7,Telly.Hoeger@billy.biz,Kurtis Weissnat,Elwyn.Skiles,7,7,210.067.6132,elvis.io
8,Sherwood@rosamond.me,Nicholas Runolfsdottir V,Maxime_Nienow,8,8,586.493.6943 x140,jacynthe.com
9,Chaim_McDermott@dana.io,Glenna Reichert,Delphine,9,9,(775)976-6794 x41206,conrad.com
10,Rey.Padberg@karina.biz,Clementina DuBuque,Moriah.Stanton,10,10,024-648-3804,ambrose.net